score,time,method
0.9376939864755788,226.74999999999955,loclda
0.9372792065203429,9.449999999999818,svmLinear
0.9371932154687651,136.90999999999985,svmLinear2
0.9367250114166338,47.56999999999971,svmRadial
0.93630719446957,239.5699999999997,svmRadialSigma
0.9362366567683396,48.5,svmRadialCost
0.9335027798490245,426.77000000000044,rda
0.9325202838925432,203.70000000000073,mda
